batch,yield,final_penicillin_conc,max_penicillin_conc,mean_penicillin_conc,final_volume,mean_pH,mean_temperature,final_biomass,max_biomass,mean_biomass,final_weight,max_weight,mean_weight,max_viscosity,mean_viscosity,visc_soft_violation,visc_collapse,wt_soft_violation,wt_collapse,collapsed
0,2986.218667101133,21.651001302592707,21.651001302592707,12.15463841543675,99644.42854933675,6.430184991894525,297.9953507375915,17.057414742114563,20.35156935612713,16.39555643786095,108007.68691981431,108007.68691981431,90780.3206047511,73.37595220653681,45.98624530268463,False,False,False,False,False
1,3638.542090043814,29.03229534245358,29.03229534245358,15.490616020783845,87886.11290349011,6.498054103047978,298.03110744332935,21.402441708313717,24.729184348473034,19.56728939126063,97920.08640667371,99891.31193103241,86694.05983288158,85.39779279370653,52.32800912600441,True,False,False,False,False
2,3207.172661518576,23.582070596234445,23.582070596234445,13.077298616531442,97347.31851235023,6.492211828233311,297.98145506898123,17.554153144103758,21.16133835896105,16.801157218020133,106310.04859366422,106310.04859366422,90433.9989008041,75.72228167808983,46.435167522255746,False,False,False,False,False
3,3259.6140836156897,25.615053885562528,25.654043413893024,13.521348677737798,89821.21752601251,6.4982465646826535,297.99632882085626,21.130090840149624,24.10468571473971,18.927307668033503,98159.00516443336,100229.928378784,86702.76827785673,82.49449866781049,50.24767973368424,True,False,False,False,False
4,3951.475386995169,31.37691898240192,31.37691898240192,16.62786180949861,88273.7784640913,6.4971256235370545,298.098451040473,21.333630573010662,25.591318563203746,19.885691209402804,98066.58136971667,99378.260571164,86211.09002466107,88.632087199888,53.672732591248874,True,False,False,False,False
5,3601.8260191976638,28.773688639131674,28.773688639131674,15.1199151269251,88590.21958406654,6.49822511951993,298.0031088839559,21.14330779798715,23.211269453008306,18.749215015381306,98421.51366809584,100744.41752421667,87192.13220926786,81.07958958952271,50.32842550791285,True,False,False,False,False
6,3596.4283770000543,27.20264444418036,27.33017938180597,15.445900366916328,92598.90911130005,6.497738741718324,297.997268531194,18.88744579661431,22.753555015926263,18.207288101062016,101489.31087610734,101489.31087610734,87628.00214621554,80.24726047425325,49.360240078304976,True,False,False,False,False
7,3339.9845107530246,25.012949843439124,25.012949843439124,13.488522123913079,96403.20968164373,6.476737984395702,297.97342230404456,17.553437585099797,19.275876708752666,16.138240773636944,104751.77154464167,104756.92608374203,90051.35489695099,72.0979017325947,44.98031065348475,False,False,False,False,False
8,3579.961310366331,28.38149596450671,28.435935572031152,15.082945218537434,88553.7405634327,6.498478227978178,298.0132536173668,21.5941456335806,24.730101348109258,19.1484197371098,98455.4411440867,100972.69836258428,87179.70082042179,83.11148352299922,50.91843159854937,True,False,False,False,False
9,3691.2339024740086,29.269814638363815,29.269814638363815,15.587426923066621,88463.5021701325,6.498643658021087,298.0187816557201,21.120450486760426,24.214506533236275,19.2704807664136,98199.4548638757,100228.86424719538,86769.88882236229,83.77399051742894,51.40790967014645,True,False,False,False,False
10,3521.8633776491038,26.218717660803314,26.218717660803314,15.172525999472716,93869.23333878304,6.4958338941819935,298.00034184495826,18.82965547771882,23.26291885635755,18.391718605811697,102155.21439226845,102155.21439226845,87107.0325204315,81.45778619398273,49.74486213758419,True,False,False,False,False
11,3485.0000238845037,27.106287319037975,27.106287319037975,14.506132257453409,91124.71427904925,6.498166741059124,297.98716822749043,19.597964880379724,21.993597368501533,17.787498139751357,100211.11381515922,101759.35250042687,87641.71058251325,78.50427971126778,48.42734471029777,False,False,False,False,False
12,3314.6399332452884,25.91026071054829,25.91026071054829,12.808327575636389,92835.68733067051,6.413835550572268,297.973427490283,19.603457625041283,20.79663885870188,16.671962853153047,102039.81492948635,104863.37577901992,89946.33871402527,74.884804754719,46.00510919436671,False,False,False,False,False
13,3360.6390935939094,25.389625973400978,25.389625973400978,13.787431812309197,94152.69930515297,6.495671054510007,297.98318224552025,18.22926866248133,20.927270277884773,17.073286227595254,102837.39465742382,103113.73204735639,88549.21293965483,76.54828245695097,47.33698894433199,False,False,False,False,False
14,2984.376633978634,21.530414749983144,21.530414749983144,11.198757775972418,102265.27660053974,6.132113683601466,297.95411565348934,15.860728686494879,17.06737321080972,14.235911706684654,111458.26827478052,111458.26827478052,94324.68792721178,66.70208192477018,41.058875981766846,False,False,True,False,False
15,3138.851364759415,24.110729091528512,24.110729091528512,12.897017944872923,92907.99668323704,6.497791140364258,297.98000930412525,19.11352857546368,21.449021918514863,17.353377200881848,102299.88377143504,102926.81271457297,89085.03118352291,77.07682861524127,47.49981137179197,False,False,False,False,False
16,3175.751975216644,23.955120154164298,23.955120154164298,13.225846680570301,94032.64832916576,6.494493802797505,298.00832995453703,18.560397681907972,21.445741216424885,17.66710571331844,102852.69533934267,102852.69533934267,88511.45983443104,77.98208423889396,48.320101688731555,False,False,False,False,False
17,3492.2635027913743,27.419705260687937,27.419705260687937,14.624240055246343,89638.4392731154,6.498133466709762,298.013627721676,20.645058005770885,23.681035152118273,18.775122916952114,97953.1862137552,99761.09740923594,86155.87863190277,82.4347294473404,50.567329662017,True,False,False,False,False
18,3174.7459948285805,24.46250708043166,24.46250708043166,13.607811836315092,91044.19844964423,6.4969225799085715,298.04756515798,19.522108542769192,22.83793804036392,18.600255313803583,100226.48700921543,100496.23090408625,86890.75114075371,81.00741498835286,50.50587676567586,True,False,False,False,False
19,3187.8876867779645,24.03168616886921,24.03168616886921,12.680146798629762,95641.21702943301,6.496076981248296,297.96825536309336,17.709251130951742,19.99828894496936,16.304247703542213,104755.61865909734,104755.61865909734,90202.04035659616,74.18278608718946,45.88368349601045,False,False,False,False,False
20,3532.0014755472157,27.187059482793718,27.217215063748643,15.013113900087369,91212.85186855217,6.497342595477282,298.00072546079895,19.458512441917645,23.157092381172152,18.312343219378544,100719.32447515597,100719.32447515597,87458.89450051774,80.89862164025261,49.44702642792679,True,False,False,False,False
21,3279.7857779154065,24.32479890254819,24.32479890254819,13.879340777486286,95419.36012483833,6.476213486680175,297.9880374656099,18.258029635654196,22.60126995823729,17.59380331727809,103995.3306223621,103995.3306223621,88503.88241795615,78.12099186903596,48.27362757145853,False,False,False,False,False
22,3181.970292719022,25.161753450117867,25.161753450117867,13.69558029355934,88339.01134948387,6.497215756297731,298.1132846841767,21.49155322460285,26.049740174932833,20.194541454554624,97309.82484984453,98081.31408279802,85256.29236610362,88.76761739330566,53.915554863962065,True,False,False,False,False
23,2770.808585664776,19.7477565522611,20.106935572408304,11.34190417742059,100412.91209982413,6.42868165990103,297.97902514969564,16.213619063119562,20.14244251362528,16.39163481246825,109319.29270903903,109319.29270903903,90626.13571531931,74.14418594250826,46.29975680473045,False,False,False,False,False
24,3355.4472891098394,26.197765668857766,26.20565815569545,13.799762334027383,91026.06986395703,6.495545677852691,298.0047792120884,19.515395945852802,21.619418819400273,17.83373845495629,100468.34862916221,102331.17633530978,87930.08265882957,78.67103662259436,48.96481048273877,False,False,False,False,False
25,3698.8339534594143,29.65539696139243,29.65539696139243,14.860629795850185,89131.28797613703,6.498666123719424,297.99305849569805,20.987527294966366,22.678083408959914,18.14668295138254,98827.12098038361,101683.63839320379,87760.14170593797,80.13554238018082,49.149041652770826,True,False,False,False,False
26,3390.992248552022,26.746192531121803,26.746192531121803,14.01191477933987,89925.71734081024,6.498499641173088,297.9909094694713,20.33070237172074,22.567068560676827,18.223417438656824,98120.45176101339,100248.81292372363,86353.53343578815,79.94178187099406,49.211386530125225,False,False,False,False,False
27,3148.9419029541746,24.58657938023241,24.58657938023241,13.317843310029563,90281.99243575233,6.497706186698119,298.02312416567605,19.841408825079856,22.380796311493754,18.394093773432292,101024.45963330768,102115.91817040584,88181.96386878283,80.32515164332641,50.00861264121776,True,False,False,False,False
28,3236.398044752652,25.08757265551334,25.08757265551334,12.864675028564834,93011.80360612301,6.497340554577814,297.9776681232211,19.363305933011972,21.07313539329515,17.11251963429584,101185.98865925723,102209.52468675488,88314.3570901648,76.52172182798445,47.26719964708185,False,False,False,False,False
29,3595.37500536291,28.638795072846573,28.638795072846573,14.636430145660231,89369.30932547495,6.498053980921952,297.9948047412205,20.70760085142695,22.645502649977452,18.118364184370236,99897.52760153552,102514.97076591049,88530.54161715062,80.14788414004398,49.317454468569444,True,False,False,False,False
30,3525.971202142682,27.77525000806402,27.77525000806402,13.966788692905817,91455.94490338319,6.484368203964277,297.9779335031129,19.843175661162213,21.25757529626252,17.26771094654485,100627.16127443721,103452.82269830164,88896.65143365365,76.38172999574104,47.14504697883512,False,False,False,False,False
31,3143.9300825740934,24.7843407709845,24.7843407709845,12.236341629281577,91815.20634593986,6.493181703799946,297.98229695005097,20.684919918222928,22.05685583215253,17.495168375283846,100115.7101376032,102785.11764389166,88637.42297922808,77.93078755651561,47.56169714163227,False,False,False,False,False
32,3964.0769473903097,31.302916021871777,31.30448535060413,16.594863282842425,89043.91265816717,6.497738459632006,298.0336636113763,20.153218670384604,23.098156001226684,18.60554891989709,99335.77709500414,101186.16245979528,87439.33361844612,81.86139432772218,50.411218777066445,True,False,False,False,False
33,3241.0488825818816,24.828971161440215,24.834524081161533,13.450727039274096,92559.1249466133,6.497821299041942,297.9881030749248,19.567117760946132,22.198593513387017,17.940700113192957,101641.32948878678,102759.96192747164,88791.71636925876,78.82708896210208,48.448661283882366,False,False,False,False,False
34,3371.3557671268823,24.79970773127971,24.79970773127971,13.855010131743832,97545.33049393902,6.469309434839205,297.97995271467903,17.11909696099147,20.47886113412761,16.465117513502264,105667.1995026803,105667.1995026803,89731.37489751884,73.66214396845263,46.00590973947006,False,False,False,False,False
35,3269.0971262889702,24.137002049431164,24.137002049431164,13.711746955482136,96600.81545331948,6.469769508365949,297.9868638136145,17.334569548211302,20.493485768719683,16.78724624777125,105754.40941737569,105754.40941737569,89993.68824851868,73.81166347977886,46.38612780700158,False,False,False,False,False
36,3197.6079861362778,24.68128541624298,24.68128541624298,13.313578477179048,91780.89624058791,6.498186744984991,297.98520190481037,19.528178316655502,22.084666432496242,17.837273255356077,100987.29660065103,102460.45131796002,88333.4535026474,78.24696186765901,48.26569636460264,False,False,False,False,False
37,3739.2251175492393,29.210765771883214,29.210765771883214,15.367853493412179,91065.91711367392,6.498086797021733,298.00522562877865,19.467384436811344,21.368417717784933,17.599652800915983,100337.9443999936,102420.20885137224,88261.1813367569,77.84601815959512,48.35640403940566,False,False,False,False,False
38,3742.599708439814,29.574995257034967,29.5755691104359,16.24126206856422,88486.05244318937,6.496878769659064,298.1210400175374,21.035203624668945,24.594613905096335,19.66746317996943,97338.49955585996,98944.37824847165,85758.762345948,85.93843006533234,52.826015396529385,True,False,False,False,False
39,3300.1024407674186,25.510756349350675,25.510756349350675,13.83543263014057,91478.61631648608,6.498058973900367,297.9837232231766,19.42680216062596,21.912434766359723,17.865775843816245,101379.49393822296,102693.3733407585,88586.00346688721,78.36565812437759,48.49602757399531,False,False,False,False,False
40,3869.7677058565746,30.8354299412125,30.8354299412125,15.738457947720681,89141.76837976773,6.499220571817456,298.0050599327517,21.31157430555411,23.796173681505103,18.47832650630456,98347.8136757314,101216.46721440039,87413.92575781682,81.52118077005566,49.6845903799143,True,False,False,False,False
41,3380.8562539957984,25.56315903838225,25.790081660972998,13.852507844199872,94151.51307585345,6.494833583239691,297.9749091512244,18.322867411128797,20.976418070317447,17.019407643673393,103014.9554110243,103332.28465079948,89110.5509753283,75.94147132600378,46.622918810500515,False,False,False,False,False
42,3691.991682421449,29.451175491242964,29.451175491242964,15.026047438199546,89606.52766382543,6.4979038936677815,297.99002785577176,20.878508936319765,22.49319876961422,18.134127922361568,97329.80582940383,99685.9089112712,85942.49355146069,79.09735209326884,48.72860865517413,False,False,False,False,False
43,3398.322009866865,26.919524816810082,26.919524816810082,14.544689780164765,88423.80178541633,6.498327552256919,298.00766027885066,20.899711746516267,23.990514233250806,18.99901568521828,100280.7126466047,101421.08879971331,88153.0058344318,82.88494285145686,50.91709456718903,True,False,False,False,False
44,3704.7909209983536,27.617709659684685,27.830574909076923,15.466790192948272,94219.58855713536,6.496079785574346,298.0207680366232,19.112548863906373,23.70510170946766,18.132380926566544,101665.31270215259,101665.31270215259,87219.83917965746,81.64689568451024,48.99273441760314,True,False,False,False,False
45,3271.585677800019,24.95521078888963,24.95521078888963,13.716811279369976,93015.757843814,6.4958194679935275,297.9839753136236,18.787113105650153,21.858220521683045,17.58289338234581,103033.40039354295,103033.40039354295,89181.28077290201,77.3493956302663,47.76350082337748,False,False,False,False,False
46,3413.1899639203953,25.989578026683194,26.031009878663212,14.383839320909848,92396.86772883782,6.496985578250591,297.9905334820959,19.151162880515187,22.74554721580287,18.02258275230986,101411.965001651,101411.965001651,87946.23800503126,79.5174106764166,48.59370027648552,False,False,False,False,False
47,2994.6057639625465,24.224124197940696,24.224124197940696,12.462359094738458,87525.31221147242,6.497153186989647,298.0396321675394,22.32218473623845,25.12942969915486,19.883579846240096,96621.6226776423,99273.88873927416,86053.93327543641,87.09351412281755,53.260017406029306,True,False,False,False,False
48,4183.105307707416,33.5574101251049,33.5574101251049,16.831402219454088,88831.86300918783,6.496157955650947,298.0150299311959,20.353119315629524,22.49738952808342,17.859928110412106,98484.7261892496,100798.12543416613,87148.02420429034,81.70751965936651,50.02330496848561,True,False,False,False,False
49,3214.7831143259455,25.125246830797636,25.125246830797636,13.601646779018061,90161.92694721525,6.498389054830602,297.9977032783764,20.69260197521551,23.423210018789078,18.751224863483284,99041.55376013748,100881.07492401557,87094.73607387918,81.30559371362469,50.051258312657694,True,False,False,False,False
50,3427.7933480034903,26.16331832766305,26.16331832766305,13.486218833802862,95069.66793825316,6.484409680497879,297.9797201014032,17.917567770477095,19.109316726635182,16.074731864507555,104546.3841753268,105913.60436077387,90796.63379265697,72.32048867834457,45.30125247753465,False,False,False,False,False
51,3550.854822444193,27.44899554246531,27.45051655738986,14.20930506034862,92894.45744492683,6.473713757192013,297.9750269125,19.042658131610498,20.795152464202914,16.781738309401067,101921.867970312,104132.89672872024,89463.21992984392,74.84425910276674,46.222384856038346,False,False,False,False,False
52,3437.201490037667,25.396004019349903,25.962223718868124,15.15770273681291,93536.30481981994,6.49194907560265,298.0744235376677,19.43313151546483,24.960545236822473,19.221505293401,101720.5894659133,101720.5894659133,86329.33120933028,84.44116570414955,51.42781807897001,True,False,False,False,False
53,3369.6562161312354,25.989330253630417,25.989330253630417,14.161137550358374,91860.55638739065,6.497255312689439,297.9996106111004,18.88268656794552,21.553297073041616,17.620614163364735,101592.78514003273,102162.7983459193,88285.53091836818,77.4271584926282,48.36499356013828,False,False,False,False,False
54,3245.4822735412913,25.100338861181843,25.100338861181843,13.19017785364536,92458.41978529602,6.496671393474823,297.9742784024679,19.091973637937,21.055630901151872,17.24437406976034,101319.1950016439,102987.65505049496,88500.4724372568,76.33879140633505,47.185570999810295,False,False,False,False,False
55,3592.051312262787,28.4429600739858,28.4429600739858,14.538935013313626,90529.98362272856,6.497393399754964,297.9903412362892,19.837908913917754,20.91939229112548,17.4553424612412,100257.28741741531,102872.99205942206,88380.19406035084,76.62048142668455,47.882432891571064,False,False,False,False,False
56,3452.163098701302,26.927493041424476,26.927493041424476,14.417602792977553,91155.66476563396,6.496144027554773,298.0022998054505,19.99032218296895,22.679327723850975,18.088557330411646,101068.56059548254,101835.69227021784,88521.15233778441,79.24622852451822,49.034036161784066,False,False,False,False,False
57,3029.105493577004,23.030830223180644,23.031428721194892,12.213950817283445,94274.12522960943,6.475365259156621,297.9795116988495,18.811879417344795,20.958053675338466,17.03828490867348,102832.24803679035,104050.21797037596,89663.21797979264,76.15632044313384,47.006116307144566,False,False,False,False,False
58,3195.455315760505,23.197788189236004,23.57308907967179,12.976007849988518,98364.27763242295,6.4374541025470515,297.98474044716835,16.82266164689743,20.117083778613967,16.418740821442057,106374.08669735614,106374.08669735614,89589.79807137403,74.778417359151,46.04022539809647,False,False,False,False,False
59,3718.706601480785,30.131635970376962,30.131635970376962,15.189666133941722,87675.52657279874,6.4987606972320835,297.9963040295506,21.965051859889346,23.964788493032714,18.890499394527776,97706.96407498633,101018.35153610886,87084.04438856988,82.15344534974855,50.511136299871524,True,False,False,False,False
60,3622.229948617374,28.41769322221474,28.452710751882936,15.084278391769773,90250.22263472425,6.498757334973169,298.0168250346816,20.043797005239757,22.368446325259537,18.174819518498285,98627.30940517543,100702.06342515357,86743.153444448,80.01884336880086,49.42531831595222,True,False,False,False,False
61,3470.050038439431,26.165243286334086,26.178330128837473,13.978071305707855,95271.01206165235,6.494395166661171,297.9655566909985,17.479015584547646,19.364495874266503,16.06753512355088,105212.55721489941,105887.26847693142,90889.92689461734,72.45072150354552,44.94191474549053,False,False,False,False,False
62,3734.36800563122,29.459460440560132,29.459460440560132,15.759511450238708,89110.70524800656,6.499199454231126,297.99961511633654,20.9806355160251,23.732928510322218,18.773454374581583,98195.07018407967,100452.87181818516,86900.69198577119,81.53793892130778,49.80120367999925,True,False,False,False,False
63,3546.6366880720807,28.43553953850088,28.473097101323376,15.255156692977113,87163.42461333967,6.497098190234014,298.09082210372594,22.115467255858917,25.921617614089747,20.281834327167456,96004.46958226601,98020.2764027433,84960.36892937697,88.65212089089053,54.04957850872404,True,False,False,False,False
64,3201.6469759629736,23.64657119672355,23.64657119672355,12.69503457928712,97356.20664356477,6.478302552553984,297.96595238512765,17.363795651403436,20.228494699951405,16.15529757089458,108314.8584736551,108314.8584736551,92745.92392854147,74.41957872775451,45.17239036006435,False,False,False,False,False
65,3132.7388370091094,24.101185210193073,24.101185210193073,12.20280465148889,93999.66529012121,6.494586587860088,297.96764525926693,19.51330241653322,21.41683029638133,16.96846394808778,102648.79477173873,104971.18627972837,90400.96504197261,76.02596612380052,46.43279990688655,False,False,False,False,False
66,3730.415673033723,29.786658219760238,29.786658219760238,15.543619057898706,88775.21662918344,6.497695936773237,298.0627382974963,20.600009313190647,23.69770495810427,19.036542269202428,96820.93484051774,98712.8566917105,85496.74304674755,84.47755589704461,51.999065602925825,True,False,False,False,False
67,3199.6896990414525,23.55408993601591,23.670876167143582,13.270907956678174,95993.87664498054,6.492946582881642,297.9745330311063,17.935931770113783,21.779475991506033,17.144519593013474,105174.37223609161,105174.37223609161,89273.88513405318,77.47423479673886,46.947296686554694,False,False,False,False,False
68,3025.781801821519,23.841556868688045,23.841556868688045,12.976720639235307,89513.3332246716,6.494544587108314,298.0572236948769,20.340621971599113,24.507064452560364,19.415668978795342,98900.11461099054,99179.11563409027,86376.75295645904,87.06950233919842,53.60209841079679,True,False,False,False,False
69,3667.2065687860168,27.49674478351667,27.49674478351667,14.567700493430413,96260.94532688364,6.42333123771734,297.96880386189366,16.867464003605004,18.538856782647755,15.5627857440289,106274.94409751036,106734.00219508336,91750.65676924924,71.18891020515372,44.17462942250272,False,False,False,False,False
70,3669.1390858632262,28.511066384324103,28.511066384324103,15.045127459341652,91763.61772409687,6.498085797957668,297.972028510261,19.771743388558622,21.742870153066022,17.43559774235686,100155.95902442417,102304.4910310828,88357.49004118721,76.59074725118455,46.89029152081636,False,False,False,False,False
71,3142.936513632845,23.71587983008563,24.157244855033447,13.768854750124692,91991.18568710555,6.4932398406702285,298.03919968794077,20.184019179454012,25.3494734903434,19.735865306957592,100488.89027135097,100488.89027135097,85942.89104578304,87.61069903456847,53.10756364388236,True,False,False,False,False
72,3406.5302580441835,26.298098760026843,26.398051760847743,14.256177537698136,91293.47469022802,6.498400288105323,297.99399132513565,19.185922214498966,22.21177504425053,17.92710049643242,100753.26918590741,101416.55170394115,87667.3405332157,79.62498918939424,48.99979867187507,False,False,False,False,False
73,3337.9194504217407,25.785438073194413,25.785438073194413,13.510079214662658,92790.18055637756,6.4953718467554316,297.982189484978,18.93677557562512,20.754182679622712,17.10407727369182,102124.62780952977,103815.97375239493,89214.19600222357,75.95142730199882,47.28775330949367,False,False,False,False,False
74,3944.4270563259893,30.139064153928224,30.213168222238163,17.17134456377788,91133.90985079092,6.497608801122371,298.03744072208985,19.49573595002383,23.847154114498206,18.793282796430923,99576.89335013885,99576.89335013885,86345.86187662194,82.53563723378439,50.57051344845122,True,False,False,False,False
75,3626.395347402594,28.516151675619348,28.620364350021216,15.909410933564514,88327.05018397183,6.498510071705774,298.0417240692448,20.995543735661535,24.3532213284934,19.522114213846443,98995.01109101632,100625.79206925572,87208.28395429111,83.70976924212134,51.638773402112136,True,False,False,False,False
76,2994.518570889665,22.390742272647778,22.390742272647778,12.202517424549752,96147.53299653769,6.480630136836551,297.97567826250815,17.93938616574371,20.284895950917356,16.836282530490106,104209.7782684467,104363.7401282856,89458.68683249343,73.97723310619344,46.489763688626866,False,False,False,False,False
77,3467.061220524943,27.00370726539397,27.00370726539397,13.845375387930213,92086.93080553539,6.495498615037468,297.9799220219581,19.433887551871628,21.212962424938937,17.177868246852817,101334.6794915699,103323.27581138918,89046.64754295904,76.8281600777509,47.28305795259806,False,False,False,False,False
78,3468.7829602615643,26.22601005000465,26.548623808744246,14.900946022159598,92767.85266702053,6.496790928678386,298.0147033417499,18.841137869011874,22.640866346396205,18.325854363166805,102150.66160700205,102150.66160700205,87862.07063568622,80.2678941590092,49.800837623653315,True,False,False,False,False
79,3480.8058589076777,27.446945684319157,27.446945684319157,14.822238271748562,88917.46005037715,6.497890524565533,298.064088899767,21.20626581579233,24.07738473274372,19.23685743863977,97308.02449573798,99553.33757821635,85984.83373433718,83.28969761117318,51.44859365918623,True,False,False,False,False
80,3876.066419364056,31.191516799386992,31.191516799386992,16.317724035233127,87987.12257402185,6.496541627507337,298.1213585356793,20.721022731823798,23.74446342380071,19.201214865587744,97393.32613941992,99447.3662364766,85872.02368345798,85.14286273652799,52.61673338619403,True,False,False,False,False
81,3293.6570510577644,24.762693556866832,25.007618409855553,13.838118503236764,93618.79686220412,6.494109569251916,297.97770564081895,18.92423839035129,22.406685803884315,17.772260464571385,103562.45851399198,103562.45851399198,88948.75259354014,78.70572619478382,48.064864499264054,False,False,False,False,False
82,3493.2532764000534,27.412032570941317,27.412032570941317,14.339419349274145,90814.6619302035,6.497912951593733,297.993198345865,19.837356588542363,21.795622172331083,17.728826106938694,99978.15052129421,101993.83806761664,88014.04656021266,78.17241166336622,48.415616487246,False,False,False,False,False
83,3671.681601433661,28.84062286865267,28.84062286865267,15.394486952179742,89902.7596539605,6.498085878122302,297.99633950389244,20.09576514512828,22.558274359239093,18.2274912656107,99256.83812482937,101196.13072917642,87363.95836706027,79.83787846346435,49.211904768913705,False,False,False,False,False
84,3181.426352748426,23.944968109734415,24.039613901982342,12.664387886468017,94798.89821218343,6.4642910498830455,297.99817363797746,19.723703585404166,23.389637392327167,17.559297864439863,103732.35276769688,104206.78761243269,90275.69985945996,79.02919309747357,47.30052952967004,False,False,False,False,False
85,3215.003847653392,25.304023398920503,25.304023398920503,12.700982431207436,91188.05023802772,6.495244344178216,297.98140787010857,20.09229496607419,22.035696119301843,17.530671922412203,100759.91801527354,103115.27115573203,88914.28143558044,78.49775191652257,48.00419940508494,False,False,False,False,False
86,3611.7727691381565,28.216955033084286,28.216955033084286,14.96185357147296,90779.54034864166,6.498095200701116,298.01268580724144,19.81983094314614,22.329325918709035,18.205033156600965,99252.0109814601,100802.04991788453,86978.73200088367,80.12929567266896,49.53285289119141,True,False,False,False,False
87,3799.7642070412335,30.78755686782482,30.78755686782482,15.80211245518284,87373.15179248109,6.498908309768956,298.0205750645964,22.026948304405618,23.984600774921493,19.18634835362823,97732.0947970196,100458.03048830987,86980.25296290475,82.73263430732362,51.107917904887266,True,False,False,False,False
88,4109.246751242192,33.68562315348636,33.68562315348636,16.518987304674027,86945.49898302146,6.499158172943174,298.74173180922867,23.293208166073004,25.234347820053944,19.301047323864445,96520.16442421982,100562.83698511336,86650.41643872032,83.39750538552461,51.06816982405095,True,False,False,False,False
89,3602.2653169531027,28.499595509583735,28.499595509583735,14.812259363285749,89579.58237809924,6.498934733339313,297.99065439941455,20.927743158472328,23.457240177218168,18.46721166289649,98985.6070344466,101233.29762170662,87656.23878871203,81.28743935060331,49.536837357051894,True,False,False,False,False
90,3955.0457373680983,32.00085779810942,32.00085779810942,16.14513104013488,87878.50463935579,6.498863956171864,298.0119108374167,21.594228165940173,23.245613652447922,18.605838457030494,97643.21287115473,101012.14427074241,86879.98195215486,80.67684517567255,50.0662687903937,True,False,False,False,False
91,3060.1293347783217,22.770478585591906,22.770478585591906,13.326413477918553,94128.95170389925,6.493410754011694,298.04108262172076,18.60649865873169,22.766223568715574,18.39365020697295,103098.20740878703,103098.20740878703,87668.0174443989,80.51728111507717,49.91712687894466,True,False,False,False,False
92,3676.199844952341,29.23981318924967,29.23981318924967,15.049367613750515,89295.65198815156,6.497420866555571,298.0054862574303,20.61069805726433,23.04329243118599,18.52883463613063,98051.62244263112,100169.35226848016,86465.69168208726,81.1786119517054,49.72285279077858,True,False,False,False,False
93,3309.5530820100917,25.800849237806137,25.800849237806137,14.013221828903163,90379.32807679419,6.4973178862244545,297.99279552797805,19.743612087541585,22.223367473785107,18.308262532332613,100116.09547676344,101596.14757800491,87435.03451047254,79.67441241774114,49.575026970680796,False,False,False,False,False
94,3427.360387330502,26.866614336857793,26.866614336857793,14.053418459588238,90629.73059640627,6.497945061798702,297.99228365454786,20.029255088506815,22.530291464295587,17.92244441529335,100289.45704069397,102112.25903980763,88213.92317129142,79.77183004120319,48.859370605672744,False,False,False,False,False
95,3356.172254250634,25.671817551489884,25.671817551489884,14.118209019476145,92044.40922328508,6.498271054561636,298.0054841435613,19.41919057287518,23.171371853139746,18.219607619158133,100599.06720489211,100599.06720489211,87241.6995646992,80.59051939472025,49.36184348656714,True,False,False,False,False
96,3480.6944611784406,27.51732455033455,27.51732455033455,14.212695092330113,89848.74061596896,6.497023822333567,297.98446887435546,20.387359322821787,22.812037968603875,18.1873301835351,98865.77933076822,100853.56030106873,87063.66098034181,80.11773612580282,48.946928047532516,True,False,False,False,False
97,3411.6938041444137,27.019148290322804,27.019148290322804,14.104986761662314,88838.92459537722,6.498482721868653,298.0073053368868,21.58476304302891,25.06403568979574,19.179429960290914,98643.72132699705,100651.69773304483,87242.6227413315,84.23895951688422,50.91305043383077,True,False,False,False,False
98,3564.987728898847,28.20038709663045,28.20038709663045,14.116818501329163,90511.40147969888,6.497026456972575,297.97959550688483,20.21997031986628,22.335938532428788,17.81634710917641,99329.29736491031,101852.86118430822,87613.22107106645,79.22115307965609,48.45574445064437,False,False,False,False,False
99,3971.512560262387,32.031976005622845,32.031976005622845,16.796915799440338,86950.28872829949,6.499182476381712,298.034305311807,21.892113877187704,24.6459536256526,19.468503461104284,97154.45736675113,99919.82215120028,86351.94400254454,84.26458036001709,51.817976676370584,True,False,False,False,False
